Workbook

Sheet 表紙
K14: VRMブループリンター
K15: カラー情報機能
K16: 第1.0版
K34: 作成日 | R34: 46018
K35: 作成者 | R35: ***

Sheet 変更履歴
A1: 変更履歴 | I1: システム名 | P1: =表紙!K14 -> VRMブループリンター | AA1: 作者名 | AE1: ***
I2: サブシステム名 | P2: カラー情報機能 | AA2: 作成日 | AE2: 46018
D5: No | F5: 対応 | I5: 更新日 | N5: 更新者 | S5: 更新内容 | AM5: 備考
D6: 1 | F6: 新規 | I6: 46018 | N6: *** | S6: 新規作成

Sheet 01.メインウィンドウ表示設定
A1: =表紙!$K$15 -> カラー情報機能 | I1: システム名 | P1: =表紙!K14 -> VRMブループリンター | AA1: 作者名 | AE1: *** | AM1: 更新者名
I2: サブシステム名 | P2: =表紙!$K$15 -> カラー情報機能 | AA2: 作成日 | AE2: =変更履歴!AE2 -> 46018 | AM2: 更新日
A3: View | C3: Controller | E3: Service | G3: 処理内容
H5: 物理名
I6: mainWindowSetting
H7: 概要
I8: カラー編集メインパネルの初期化。
I10: No | L10: データ型
I11: 引数1 | L11: UIDocument
I12: 引数2 | L12: VisualElement | S12: 表示対象要素の参照。
H13: 1 | I13: メインウィンドウ表示設定
I14: (1) | K14: 初期化処理
J15: ① | K15: 引数1UIDocumentからメインコンテナを取得、引数2VisualElementに設定
J16: ② | K16: メイン処理を呼び出す。
K17: カラー編集専用のパネルを mainWindowElement にアタッチする。
I20: (2) | K20: 処理終了
J21: ① | K21: 処理が正常に完了した場合下記を設定する。
L22: 返却用結果情報 | T22: 設定値
L23: リザルトコード | T23: 0000
L24: リザルトテキスト | T24: 正常完了
J25: ② | K25: 処理が異常終了した場合下記を設定する。
L26: 返却用結果情報 | T26: 設定値
L27: リザルトコード | T27: 9000
L28: リザルトテキスト | T28: 異常終了：{異常終了内容}

Sheet 02.マテリアル一括適用
A1: =表紙!$K$15 -> カラー情報機能 | I1: システム名 | P1: =表紙!K14 -> VRMブループリンター | AA1: 作者名 | AE1: =変更履歴!AE1 -> *** | AM1: 更新者名
I2: サブシステム名 | P2: =変更履歴!P2 -> カラー情報機能 | AA2: 作成日 | AE2: =変更履歴!AE2 -> 46018 | AM2: 更新日
A3: View | C3: Controller | E3: Service | G3: 処理内容
H5: 物理名
I6: setModelColorTexter
H7: 概要
I8: 編集した色のマテリアルへの一括適用。
H10: 1 | I10: 設定された色情報を元にタイル状のテクスチャアトラスを再生成し、全メッシュへ適用して色を更新する。

Sheet 03.モデルへ色反映
A1: =表紙!$K$15 -> カラー情報機能 | I1: システム名 | P1: =表紙!K14 -> VRMブループリンター | AA1: 作者名 | AE1: =変更履歴!AE1 -> *** | AM1: 更新者名
I2: サブシステム名 | P2: =変更履歴!P2 -> カラー情報機能 | AA2: 作成日 | AE2: =変更履歴!AE2 -> 46018 | AM2: 更新日
A3: View | C3: Controller | E3: Service | G3: 処理内容
H5: 物理名
I6: setModelColorTexter
H7: 概要
I8: 編集した色のマテリアルへの一括適用。
H10: 1 | I10: 適用処理
I11: (1) | K11: 各RGBのスライダーの値を取得
I13: (2) | K13: メインメニューへ色を反映
I15: (3) | K15: カラーリストを作成
I17: (4) | K17: エミッションリストを作成

Sheet 04.テクスチャ作成
A1: =表紙!$K$15 -> カラー情報機能 | I1: システム名 | P1: =表紙!K14 -> VRMブループリンター | AA1: 作者名 | AE1: =変更履歴!AE1 -> *** | AM1: 更新者名
I2: サブシステム名 | P2: =変更履歴!P2 -> カラー情報機能 | AA2: 作成日 | AE2: =変更履歴!AE2 -> 46018 | AM2: 更新日
A3: View | C3: Controller | E3: Service | G3: 処理内容
H5: 物理名
I6: CreateTempTexture
H7: 概要
I8: タイル状テクスチャアトラスの生成。
I10: No | L10: データ型
I11: 引数1 | L11: List<UnityEngine.Color> colors
H12: 1 | I12: 作成処理
I13: (1) | K13: 引数1のカラー情報をもとにタイル上のテクスチャを作成
H15: 2 | I15: 処理終了
I16: (1) | K16: 作成したテクスチャを返却

Sheet 05.マテリアル割当処理
A1: =表紙!$K$15 -> カラー情報機能 | I1: システム名 | P1: =表紙!K14 -> VRMブループリンター | AA1: 作者名 | AE1: =変更履歴!AE1 -> *** | AM1: 更新者名
I2: サブシステム名 | P2: =変更履歴!P2 -> カラー情報機能 | AA2: 作成日 | AE2: =変更履歴!AE2 -> 46018 | AM2: 更新日
A3: View | C3: Controller | E3: Service | G3: 処理内容
H5: 物理名
I6: setMaterial
H7: 概要
I8: 生成テクスチャのマテリアル割り当て。
I10: No | L10: データ型
I11: 引数1 | L11: modelInfoSettingMesh
I12: 引数2 | L12: Texture2D | U12: メインテクスチャ
I13: 引数3 | L13: Texture2D | U13: エミッションテクスチャ
H14: 1 | I14: 設定処理
I15: (1) | K15: モデルの各部位のレンダラーに対し、生成したテクスチャとエミッションマップをセットする。
